Achillesmon,achillesmon,https://wikimon.net/images/a/a0/Achillesmon_vpet_vb.png,3
Aegisdramon,aegisdramon,https://wikimon.net/images/c/c0/Aegisdramon_vpet_vb.png,3
Aerovdramon,aerovdramon,https://wikimon.net/images/1/10/Aerovdramon_vpet_vb.png,3
Agnimon,agnimon,https://wikimon.net/images/3/34/Agnimon_vpet_vb.png,3
Agumon,agumon,https://wikimon.net/images/b/b9/Agumon_vpet_vb.png,3
Agumon 2006,agumon2006,https://wikimon.net/images/6/68/Agumon2006_vpet_vb.png,3
Agumon Black,agumon-black,https://wikimon.net/images/3/3c/Agumon_black_vpet_vb.png,3
Airdramon,airdramon,https://wikimon.net/images/5/5d/Airdramon_vpet_vb.png,3
Ajatarmon,ajatarmon,https://wikimon.net/images/7/7d/Ajatarmon_vpet_vb.png,3
Aldamon,aldamon,https://wikimon.net/images/7/7f/Aldamon_vpet_vb.png,3
Algomon Adult,algomon-adult,https://wikimon.net/images/7/7e/Algomon_adult_vpet_vb.png,3
Alphamon,alphamon,https://wikimon.net/images/c/c8/Alphamon_vpet_vb.png,3
Alphamon Ouryuken,alphamon-ouryuken,https://wikimon.net/images/a/a4/Alphamon_ouryuken_vpet_vb.png,3
Amphimon,amphimon,https://wikimon.net/images/0/0b/Amphimon_vpet_vb.png,3
Ancientbeatmon,ancientbeatmon,https://wikimon.net/images/d/d6/Ancientbeatmon_vpet_vb.png,3
Ancientgarurumon,ancientgarurumon,https://wikimon.net/images/e/e2/Ancientgarurumon_vpet_vb.png,3
Ancientgreymon,ancientgreymon,https://wikimon.net/images/3/3d/Ancientgreymon_vpet_vb.png,3
Ancientirismon,ancientirismon,https://wikimon.net/images/4/4e/Ancientirismon_vpet_vb.png,3
Ancientmegatheriumon,ancientmegatheriumon,https://wikimon.net/images/3/39/Ancientmegatheriumon_vpet_vb.png,3
Ancientmermaimon,ancientmermaimon,https://wikimon.net/images/2/2f/Ancientmermaimon_vpet_vb.png,3
Ancientsphinxmon,ancientsphinxmon,https://wikimon.net/images/5/5d/Ancientsphinxmon_vpet_vb.png,3
Ancienttroiamon,ancienttroiamon,https://wikimon.net/images/d/d3/Ancienttroiamon_vpet_vb.png,3
Ancientvolcamon,ancientvolcamon,https://wikimon.net/images/1/19/Ancientvolcamon_vpet_vb.png,3
Ancientwisemon,ancientwisemon,https://wikimon.net/images/a/ad/Ancientwisemon_vpet_vb.png,3
Andiramon,andiramon,https://wikimon.net/images/4/42/Andiramon_vpet_vb.png,3
Andiramon Deva,andiramon-deva,https://wikimon.net/images/7/7e/Andiramon_deva_vpet_vb.png,3
Andromon,andromon,https://wikimon.net/images/a/a5/Andromon_vpet_vb.png,3
Angemon,angemon,https://wikimon.net/images/7/7f/Angemon_vpet_vb.png,3
Angewomon,angewomon,https://wikimon.net/images/b/b2/Angewomon_vpet_vb.png,3
Angewomon Raid,angewomon-raid,https://wikimon.net/images/3/3a/Angewomon_raid_vpet_vb.png,6
Angoramon,angoramon,https://wikimon.net/images/2/2b/Angoramon_vpet_vb.png,3
Ankylomon,ankylomon,https://wikimon.net/images/f/f2/Ankylomon_vpet_vb.png,3
Anomalocarimon,anomalocarimon,https://wikimon.net/images/2/27/Anomalocarimon_vpet_vb.png,3
Anomalocarimonx,anomalocarimonx,https://wikimon.net/images/c/c8/Anomalocarimonx_vpet_vb.png,3
Anubimon,anubimon,https://wikimon.net/images/a/a0/Anubimon_vpet_vb.png,3
Apocalymon Raid,apocalymon-raid,https://wikimon.net/images/8/87/Apocalymon_raid_vpet_vb.png,6
Apollomon,apollomon,https://wikimon.net/images/e/ee/Apollomon_vpet_vb.png,3
Aquilamon,aquilamon,https://wikimon.net/images/4/4b/Aquilamon_vpet_vb.png,3
Arbormon,arbormon,https://wikimon.net/images/2/26/Arbormon_vpet_vb.png,3
Archnemon,archnemon,https://wikimon.net/images/d/d6/Archnemon_vpet_vb.png,3
Arcturusmon,arcturusmon,https://wikimon.net/images/4/43/Arcturusmon_vpet_vb.png,3
Arkhaiangemon,arkhaiangemon,https://wikimon.net/images/5/56/Arkhaiangemon_vpet_vb.png,3
Armadimon,armadimon,https://wikimon.net/images/0/0f/Armadimon_vpet_vb.png,3
Armagemon,armagemon,https://wikimon.net/images/6/66/Armagemon_vpet_vb.png,3
Arresterdramon,arresterdramon,https://wikimon.net/images/d/d0/Arresterdramon_vpet_vb.png,3
Arresterdramon Superior,arresterdramon-superior,https://wikimon.net/images/2/21/Arresterdramon_superior_vpet_vb.png,3
Arresterdramon Superior Brave Snatcher,arresterdramon-superior-brave-snatcher,https://wikimon.net/images/0/00/Arresterdramon_superior_brave_snatcher_vpet_vb.png,3
Astamon,astamon,https://wikimon.net/images/1/12/Astamon_vpet_vb.png,3
Asuramon,asuramon,https://wikimon.net/images/d/d1/Asuramon_vpet_vb.png,3
Atlurballistamon,atlurballistamon,https://wikimon.net/images/2/22/Atlurballistamon_vpet_vb.png,3
Atlurkabuterimon Red,atlurkabuterimon-red,https://wikimon.net/images/f/fc/Atlurkabuterimon_red_vpet_vb.png,3
Baalmon,baalmon,https://wikimon.net/images/d/d1/Baalmon_vpet_vb.png,3
Babydmon,babydmon,https://wikimon.net/images/7/7c/Babydmon_vpet_vb.png,3
Bakemon,bakemon,https://wikimon.net/images/8/84/Bakemon_vpet_vb.png,3
Ballistamon,ballistamon,https://wikimon.net/images/4/43/Ballistamon_vpet_vb.png,3
Bancholilimon,bancholilimon,https://wikimon.net/images/9/96/Bancholilimon_vpet_vb.png,3
Banchostingmon,banchostingmon,https://wikimon.net/images/b/b9/Banchostingmon_vpet_vb.png,3
Baohackmon,baohackmon,https://wikimon.net/images/1/16/Baohackmon_vpet_vb.png,3
Bastemon,bastemon,https://wikimon.net/images/a/a5/Bastemon_vpet_vb.png,3
Bearmon,bearmon,https://wikimon.net/images/9/93/Bearmon_vpet_vb.png,3
Beelzebumon,beelzebumon,https://wikimon.net/images/6/62/Beelzebumon_vpet_vb.png,3
Beelzebumon 2010,beelzebumon-2010,https://wikimon.net/images/4/49/Beelzebumon_2010_vpet_vb.png,3
Beelzebumon Blast,beelzebumon-blast,https://wikimon.net/images/1/1f/Beelzebumon_blast_vpet_vb.png,3
Belialvamdemon,belialvamdemon,https://wikimon.net/images/0/05/Belialvamdemon_vpet_vb.png,3
Belphemon Rage,belphemon-rage,https://wikimon.net/images/3/3b/Belphemon_rage_vpet_vb.png,3
Bemmon,bemmon,https://wikimon.net/images/4/48/Bemmon_vpet_vb.png,3
Beowolfmon,beowolfmon,https://wikimon.net/images/0/07/Beowolfmon_vpet_vb.png,3
Betelgammamon,betelgammamon,https://wikimon.net/images/c/c9/Betelgammamon_vpet_vb.png,3
Bibimon,bibimon,https://wikimon.net/images/4/4a/Bibimon_vpet_vb.png,3
Bigmamemon,bigmamemon,https://wikimon.net/images/f/fc/Bigmamemon_vpet_vb.png,3
Bigukkomon,bigukkomon,https://wikimon.net/images/e/e7/Bigukkomon_vpet_vb.png,3
Bigukkomon Forthbattle,bigukkomon-forthbattle,https://wikimon.net/images/7/75/Bigukkomon_forthbattle_vpet_vb.png,3
Birdramon,birdramon,https://wikimon.net/images/5/50/Birdramon_vpet_vb.png,3
Blackkingnumemon,blackkingnumemon,https://wikimon.net/images/4/4c/Blackkingnumemon_vpet_vb.png,3
Blacktailmon Uver,blacktailmon-uver,https://wikimon.net/images/6/6c/Blacktailmon_uver_vpet_vb.png,3
Blackwargreymon,blackwargreymon,https://wikimon.net/images/2/2f/Blackwargreymon_vpet_vb.png,3
Blackwargreymon Raid,blackwargreymon-raid,https://wikimon.net/images/c/c4/Blackwargreymon_raid_vpet_vb.png,6
Bladekuwagamon,bladekuwagamon,https://wikimon.net/images/2/21/Bladekuwagamon_vpet_vb.png,3
Blastmon,blastmon,https://wikimon.net/images/0/01/Blastmon_vpet_vb.png,3
Blitzgreymon,blitzgreymon,https://wikimon.net/images/d/da/Blitzgreymon_vpet_vb.png,3
Blitzmon,blitzmon,https://wikimon.net/images/7/78/Blitzmon_vpet_vb.png,3
Blizzarmon,blizzarmon,https://wikimon.net/images/c/cd/Blizzarmon_vpet_vb.png,3
Bloomlordmon,bloomlordmon,https://wikimon.net/images/9/94/Bloomlordmon_vpet_vb.png,3
Blossomon,blossomon,https://wikimon.net/images/d/da/Blossomon_vpet_vb.png,3
Blucomon,blucomon,https://wikimon.net/images/d/dd/Blucomon_vpet_vb.png,3
Bokomon,bokomon,https://wikimon.net/images/9/93/Bokomon_vpet_vb.png,3
Bolgmon,bolgmon,https://wikimon.net/images/a/a0/Bolgmon_vpet_vb.png,3
Bombermon,bombermon,https://wikimon.net/images/5/5a/Bombermon_vpet_vb.png,3
Bommon,bommon,https://wikimon.net/images/8/89/Bommon_vpet_vb.png,3
Bosamon,bosamon,https://wikimon.net/images/1/15/Bosamon_vpet_vb.png,3
Botamon,botamon,https://wikimon.net/images/f/f2/Botamon_vpet_vb.png,3
Boutmon,boutmon,https://wikimon.net/images/f/f4/Boutmon_vpet_vb.png,3
Bowmon,bowmon,https://wikimon.net/images/d/dc/Bowmon_vpet_vb.png,3
Brachimon,brachimon,https://wikimon.net/images/e/e6/Brachimon_vpet_vb.png,3
Breakdramon,breakdramon,https://wikimon.net/images/e/e7/Breakdramon_vpet_vb.png,3
Brigadramon,brigadramon,https://wikimon.net/images/5/51/Brigadramon_vpet_vb.png,3
Bryweludramon,bryweludramon,https://wikimon.net/images/9/93/Bryweludramon_vpet_vb.png,3
Bubbmon,bubbmon,https://wikimon.net/images/1/1a/Bubbmon_vpet_vb.png,3
Bulkmon,bulkmon,https://wikimon.net/images/5/5d/Bulkmon_vpet_vb.png,3
Calamaramon,calamaramon,https://wikimon.net/images/6/6c/Calamaramon_vpet_vb.png,3
Cannonbeemon,cannonbeemon,https://wikimon.net/images/7/7d/Cannonbeemon_vpet_vb.png,3
Cannondramon,cannondramon,https://wikimon.net/images/0/08/Cannondramon_vpet_vb.png,3
Canoweissmon,canoweissmon,https://wikimon.net/images/a/a3/Canoweissmon_vpet_vb.png,3
Caprimon,caprimon,https://wikimon.net/images/8/84/Caprimon_vpet_vb.png,3
Cargodramon,cargodramon,https://wikimon.net/images/c/c1/Cargodramon_vpet_vb.png,3
Caturamon,caturamon,https://wikimon.net/images/2/21/Caturamon_vpet_vb.png,3
Cerberumon,cerberumon,https://wikimon.net/images/f/fa/Cerberumon_vpet_vb.png,3
Chackmon,chackmon,https://wikimon.net/images/2/25/Chackmon_vpet_vb.png,3
Chamblemon,chamblemon,https://wikimon.net/images/c/c8/Chamblemon_vpet_vb.png,3
Chaosdramon,chaosdramon,https://wikimon.net/images/3/3c/Chaosdramon_vpet_vb.png,3
Chaosdukemon,chaosdukemon,https://wikimon.net/images/9/91/Chaosdukemon_vpet_vb.png,3
Cherubimon Raid,cherubimon-raid,https://wikimon.net/images/8/82/Cherubimon_raid_vpet_vb.png,6
Cherubimon Vice,cherubimon-vice,https://wikimon.net/images/8/8b/Cherubimon_vice_vpet_vb.png,3
Cherubimon Vice Raid,cherubimon-vice-raid,https://wikimon.net/images/f/f3/Cherubimon_vice_raid_vpet_vb.png,6
Cherubimon Virtue,cherubimon-virtue,https://wikimon.net/images/6/62/Cherubimon_virtue_vpet_vb.png,3
Chibimon,chibimon,https://wikimon.net/images/2/2e/Chibimon_vpet_vb.png,3
Chicomon,chicomon,https://wikimon.net/images/6/63/Chicomon_vpet_vb.png,3
Chimairamon,chimairamon,https://wikimon.net/images/4/4e/Chimairamon_vpet_vb.png,3
Choromon,choromon,https://wikimon.net/images/c/c1/Choromon_vpet_vb.png,3
Climbmon,climbmon,https://wikimon.net/images/e/e7/Climbmon_vpet_vb.png,3
Cockatrimon,cockatrimon,https://wikimon.net/images/6/61/Cockatrimon_vpet_vb.png,3
Coelamon,coelamon,https://wikimon.net/images/d/d9/Coelamon_vpet_vb.png,3
Commandramon,commandramon,https://wikimon.net/images/d/da/Commandramon_vpet_vb.png,3
Coredramon Blue,coredramon-blue,https://wikimon.net/images/a/a7/Coredramon_blue_vpet_vb.png,3
Coredramon Green,coredramon-green,https://wikimon.net/images/e/ee/Coredramon_green_vpet_vb.png,3
Coronamon,coronamon,https://wikimon.net/images/a/ae/Coronamon_vpet_vb.png,3
Cotsucomon,cotsucomon,https://wikimon.net/images/7/76/Cotsucomon_vpet_vb.png,3
Crescemon,crescemon,https://wikimon.net/images/9/9b/Crescemon_vpet_vb.png,3
Cresgarurumon,cresgarurumon,https://wikimon.net/images/6/6d/Cresgarurumon_vpet_vb.png,3
Cryspaledramon,cryspaledramon,https://wikimon.net/images/f/f3/Cryspaledramon_vpet_vb.png,3
Cthyllamon,cthyllamon,https://wikimon.net/images/a/a9/Cthyllamon_vpet_vb.png,3
Curimon,curimon,https://wikimon.net/images/1/18/Curimon_vpet_vb.png,3
Cyberdramon,cyberdramon,https://wikimon.net/images/3/38/Cyberdramon_vpet_vb.png,3
Cyberdramon 2010,cyberdramon-2010,https://wikimon.net/images/6/68/Cyberdramon_2010_vpet_vb.png,3
Dagomon,dagomon,https://wikimon.net/images/9/95/Dagomon_vpet_vb.png,3
Daipenmon,daipenmon,https://wikimon.net/images/e/ee/Daipenmon_vpet_vb.png,3
Damemon,damemon,https://wikimon.net/images/5/51/Damemon_vpet_vb.png,3
Darkdramon,darkdramon,https://wikimon.net/images/c/ce/Darkdramon_vpet_vb.png,3
Darksuperstarmon,darksuperstarmon,https://wikimon.net/images/b/be/Darksuperstarmon_vpet_vb.png,3
Darktyranomon,darktyranomon,https://wikimon.net/images/f/f1/Darktyranomon_vpet_vb.png,3
Deathmeramon,deathmeramon,https://wikimon.net/images/f/f7/Deathmeramon_vpet_vb.png,3
Deathmon,deathmon,https://wikimon.net/images/3/3a/Deathmon_vpet_vb.png,3
Deathmon Black,deathmon-black,https://wikimon.net/images/a/a7/Deathmon_black_vpet_vb.png,3
Deathxdorugamon,deathxdorugamon,https://wikimon.net/images/3/36/Deathxdorugamon_vpet_vb.png,3
Deathxdorugoramon,deathxdorugoramon,https://wikimon.net/images/a/ab/Deathxdorugoramon_vpet_vb.png,3
Deathxdoruguremon,deathxdoruguremon,https://wikimon.net/images/0/04/Deathxdoruguremon_vpet_vb.png,3
Deltamon,deltamon,https://wikimon.net/images/6/6f/Deltamon_vpet_vb.png,3
Destromon,destromon,https://wikimon.net/images/8/8c/Destromon_vpet_vb.png,3
Devidramon,devidramon,https://wikimon.net/images/a/ab/Devidramon_vpet_vb.png,3
Devimon,devimon,https://wikimon.net/images/7/73/Devimon_vpet_vb.png,3
Devitamamon,devitamamon,https://wikimon.net/images/6/61/Devitamamon_vpet_vb.png,3
Diablomon Raid,diablomon-raid,https://wikimon.net/images/d/d5/Diablomon_raid_vpet_vb.png,6
Dianamon,dianamon,https://wikimon.net/images/c/c7/Dianamon_vpet_vb.png,3
Diarbbitmon,diarbbitmon,https://wikimon.net/images/3/3a/Diarbbitmon_vpet_vb.png,3
Digitamamon,digitamamon,https://wikimon.net/images/7/7b/Digitamamon_vpet_vb.png,3
Digmon,digmon,https://wikimon.net/images/a/ae/Digmon_vpet_vb.png,3
Dinobeemon,dinobeemon,https://wikimon.net/images/3/3f/Dinobeemon_vpet_vb.png,3
Dinorexmon,dinorexmon,https://wikimon.net/images/f/f5/Dinorexmon_vpet_vb.png,3
Dinotigermon,dinotigermon,https://wikimon.net/images/5/50/Dinotigermon_vpet_vb.png,3
Divemon,divemon,https://wikimon.net/images/0/07/Divemon_vpet_vb.png,3
Dobermon,dobermon,https://wikimon.net/images/9/91/Dobermon_vpet_vb.png,3
Dodomon,dodomon,https://wikimon.net/images/b/bf/Dodomon_vpet_vb.png,3
Dogmon,dogmon,https://wikimon.net/images/8/88/Dogmon_vpet_vb.png,3
Dokimon,dokimon,https://wikimon.net/images/2/2b/Dokimon_vpet_vb.png,3
Dokugumon,dokugumon,https://wikimon.net/images/f/f6/Dokugumon_vpet_vb.png,3
Dominimon,dominimon,https://wikimon.net/images/9/94/Dominimon_vpet_vb.png,3
Donedevimon,donedevimon,https://wikimon.net/images/5/51/Donedevimon_vpet_vb.png,3
Dorimon,dorimon,https://wikimon.net/images/a/a9/Dorimon_vpet_vb.png,3
Dorugamon,dorugamon,https://wikimon.net/images/b/b5/Dorugamon_vpet_vb.png,3
Dorugoramon,dorugoramon,https://wikimon.net/images/b/ba/Dorugoramon_vpet_vb.png,3
Doruguremon,doruguremon,https://wikimon.net/images/d/d5/Doruguremon_vpet_vb.png,3
Dorulumon,dorulumon,https://wikimon.net/images/b/ba/Dorulumon_vpet_vb.png,3
Dorumon,dorumon,https://wikimon.net/images/8/86/Dorumon_vpet_vb.png,3
Doumon,doumon,https://wikimon.net/images/3/3a/Doumon_vpet_vb.png,3
Dracomon,dracomon,https://wikimon.net/images/3/34/Dracomon_vpet_vb.png,3
Dracumon,dracumon,https://wikimon.net/images/f/f8/Dracumon_vpet_vb.png,3
Drimogemon,drimogemon,https://wikimon.net/images/5/5a/Drimogemon_vpet_vb.png,3
Dukemon,dukemon,https://wikimon.net/images/0/0b/Dukemon_vpet_vb.png,3
Dukemon Crimson,dukemon-crimson,https://wikimon.net/images/5/53/Dukemon_crimson_vpet_vb.png,3
Dukemon Forthbattle,dukemon-forthbattle,https://wikimon.net/images/1/18/Dukemon_forthbattle_vpet_vb.png,3
Dukemonx,dukemonx,https://wikimon.net/images/7/74/Dukemonx_vpet_vb.png,3
Duramon,duramon,https://wikimon.net/images/6/6e/Duramon_vpet_vb.png,3
Durandamon,durandamon,https://wikimon.net/images/8/8b/Durandamon_vpet_vb.png,3
Duskmon,duskmon,https://wikimon.net/images/6/6e/Duskmon_vpet_vb.png,3
Dynasmon,dynasmon,https://wikimon.net/images/3/31/Dynasmon_vpet_vb.png,3
Ebidramon,ebidramon,https://wikimon.net/images/f/fd/Ebidramon_vpet_vb.png,3
Eosmon Perfect,eosmon-perfect,https://wikimon.net/images/c/c7/Eosmon_perfect_vpet_vb.png,3
Espimon,espimon,https://wikimon.net/images/d/dd/Espimon_vpet_vb.png,3
Etemon,etemon,https://wikimon.net/images/a/aa/Etemon_vpet_vb.png,3
Examon,examon,https://wikimon.net/images/0/04/Examon_vpet_vb.png,3
Exermon,exermon,https://wikimon.net/images/d/d5/Exermon_vpet_vb.png,3
Extyranomon,extyranomon,https://wikimon.net/images/5/5f/Extyranomon_vpet_vb.png,3
Fairimon,fairimon,https://wikimon.net/images/5/56/Fairimon_vpet_vb.png,3
Falcomon 2006,falcomon2006,https://wikimon.net/images/f/f0/Falcomon2006_vpet_vb.png,3
Fantomon,fantomon,https://wikimon.net/images/a/aa/Fantomon_vpet_vb.png,3
Fenriloogamon,fenriloogamon,https://wikimon.net/images/7/7d/Fenriloogamon_vpet_vb.png,3
Fenriloogamon Takemikazuchi,fenriloogamon-takemikazuchi,https://wikimon.net/images/6/6f/Fenriloogamon_takemikazuchi_vpet_vb.png,3
Filmon,filmon,https://wikimon.net/images/7/7b/Filmon_vpet_vb.png,3
Firamon,firamon,https://wikimon.net/images/8/88/Firamon_vpet_vb.png,3
Fladramon,fladramon,https://wikimon.net/images/3/3c/Fladramon_vpet_vb.png,3
Flamon,flamon,https://wikimon.net/images/b/b7/Flamon_vpet_vb.png,3
Flaremon,flaremon,https://wikimon.net/images/1/19/Flaremon_vpet_vb.png,3
Frimon,frimon,https://wikimon.net/images/b/bd/Frimon_vpet_vb.png,3
Frosvelgrmon,frosvelgrmon,https://wikimon.net/images/6/64/Frosvelgrmon_vpet_vb.png,3
Frozomon,frozomon,https://wikimon.net/images/3/34/Frozomon_vpet_vb.png,3
Fufumon,fufumon,https://wikimon.net/images/9/97/Fufumon_vpet_vb.png,3
Fumamon,fumamon,https://wikimon.net/images/0/08/Fumamon_vpet_vb.png,3
Funbeemon,funbeemon,https://wikimon.net/images/f/fe/Funbeemon_vpet_vb.png,3
Fusamon,fusamon,https://wikimon.net/images/a/a7/Fusamon_vpet_vb.png,3
Fuukashitamedal,fuukashitamedal,https://wikimon.net/images/2/20/Fuukashitamedal_vpet_vb.png,3
Gabumon,gabumon,https://wikimon.net/images/4/4d/Gabumon_vpet_vb.png,3
Gabumon Black,gabumon-black,https://wikimon.net/images/f/f0/Gabumon_black_vpet_vb.png,3
Gaioumon,gaioumon,https://wikimon.net/images/0/05/Gaioumon_vpet_vb.png,3
Galgomon,galgomon,https://wikimon.net/images/d/d1/Galgomon_vpet_vb.png,3
Gammamon,gammamon,https://wikimon.net/images/2/22/Gammamon_vpet_vb.png,3
Gaogamon,gaogamon,https://wikimon.net/images/6/6a/Gaogamon_vpet_vb.png,3
Gaomon,gaomon,https://wikimon.net/images/1/17/Gaomon_vpet_vb.png,3
Garudamon,garudamon,https://wikimon.net/images/3/3c/Garudamon_vpet_vb.png,3
Garummon,garummon,https://wikimon.net/images/c/c7/Garummon_vpet_vb.png,3
Garurumetal,garurumetal,https://wikimon.net/images/f/f7/Garurumetal_vpet_vb.png,3
Garurumon,garurumon,https://wikimon.net/images/2/2b/Garurumon_vpet_vb.png,3
Garurumon Black,garurumon-black,https://wikimon.net/images/b/b4/Garurumon_black_vpet_vb.png,3
Gazimon,gazimon,https://wikimon.net/images/5/52/Gazimon_vpet_vb.png,3
Geogreymon,geogreymon,https://wikimon.net/images/b/bc/Geogreymon_vpet_vb.png,3
Gesomon,gesomon,https://wikimon.net/images/e/ef/Gesomon_vpet_vb.png,3
Ghilliedumon,ghilliedumon,https://wikimon.net/images/e/e9/Ghilliedumon_vpet_vb.png,3
Ghostmon,ghostmon,https://wikimon.net/images/c/c9/Ghostmon_vpet_vb.png,3
Gigadramon,gigadramon,https://wikimon.net/images/2/29/Gigadramon_vpet_vb.png,3
Gigaseadramon,gigaseadramon,https://wikimon.net/images/3/3b/Gigaseadramon_vpet_vb.png,3
Gigasmon,gigasmon,https://wikimon.net/images/a/a6/Gigasmon_vpet_vb.png,3
Gigimon,gigimon,https://wikimon.net/images/5/59/Gigimon_vpet_vb.png,3
Ginryumon,ginryumon,https://wikimon.net/images/d/dc/Ginryumon_vpet_vb.png,3
Giromon,giromon,https://wikimon.net/images/7/78/Giromon_vpet_vb.png,3
Gizamon,gizamon,https://wikimon.net/images/3/3d/Gizamon_vpet_vb.png,3
Gogmamon,gogmamon,https://wikimon.net/images/8/83/Gogmamon_vpet_vb.png,3
Gokimon,gokimon,https://wikimon.net/images/a/ab/Gokimon_vpet_vb.png,3
Goldvdramon,goldvdramon,https://wikimon.net/images/3/3c/Goldvdramon_vpet_vb.png,3
Golemon,golemon,https://wikimon.net/images/5/52/Golemon_vpet_vb.png,3
Gorimon,gorimon,https://wikimon.net/images/7/77/Gorimon_vpet_vb.png,3
Goromon,goromon,https://wikimon.net/images/2/21/Goromon_vpet_vb.png,3
Gottsumon,gottsumon,https://wikimon.net/images/9/9b/Gottsumon_vpet_vb.png,3
Gracenovamon,gracenovamon,https://wikimon.net/images/d/db/Gracenovamon_vpet_vb.png,3
Grademon,grademon,https://wikimon.net/images/3/39/Grademon_vpet_vb.png,3
Granddracumon,granddracumon,https://wikimon.net/images/3/34/Granddracumon_vpet_vb.png,3
Grandiskuwagamon,grandiskuwagamon,https://wikimon.net/images/a/a5/Grandiskuwagamon_vpet_vb.png,3
Grandlocomon,grandlocomon,https://wikimon.net/images/b/bf/Grandlocomon_vpet_vb.png,3
Grankuwagamon,grankuwagamon,https://wikimon.net/images/4/4e/Grankuwagamon_vpet_vb.png,3
Grappuleomon,grappuleomon,https://wikimon.net/images/6/67/Grappuleomon_vpet_vb.png,3
Greymon,greymon,https://wikimon.net/images/c/c6/Greymon_vpet_vb.png,3
Greymon Blue,greymon-blue,https://wikimon.net/images/8/82/Greymon_blue_vpet_vb.png,3
Greywars,greywars,https://wikimon.net/images/1/18/Greywars_vpet_vb.png,3
Griffomon,griffomon,https://wikimon.net/images/c/c9/Griffomon_vpet_vb.png,3
Grottemon,grottemon,https://wikimon.net/images/b/b5/Grottemon_vpet_vb.png,3
Groundramon,groundramon,https://wikimon.net/images/d/dc/Groundramon_vpet_vb.png,3
Growmon,growmon,https://wikimon.net/images/0/07/Growmon_vpet_vb.png,3
Growmon Orange,growmon-orange,https://wikimon.net/images/3/32/Growmon_orange_vpet_vb.png,3
Gryzmon,gryzmon,https://wikimon.net/images/2/27/Gryzmon_vpet_vb.png,3
Guilmon,guilmon,https://wikimon.net/images/7/77/Guilmon_vpet_vb.png,3
Gulfmon Raid,gulfmon-raid,https://wikimon.net/images/c/c2/Gulfmon_raid_vpet_vb.png,6
Gulusgammamon,gulusgammamon,https://wikimon.net/images/5/53/Gulusgammamon_vpet_vb.png,3
Gumdramon,gumdramon,https://wikimon.net/images/5/54/Gumdramon_vpet_vb.png,3
Gummymon,gummymon,https://wikimon.net/images/4/4b/Gummymon_vpet_vb.png,3
Gundramon,gundramon,https://wikimon.net/images/4/42/Gundramon_vpet_vb.png,3
Gurimon,gurimon,https://wikimon.net/images/f/fb/Gurimon_vpet_vb.png,3
Gusokumon,gusokumon,https://wikimon.net/images/6/6d/Gusokumon_vpet_vb.png,3
Gyukimon,gyukimon,https://wikimon.net/images/b/b7/Gyukimon_vpet_vb.png,3
Hackmon,hackmon,https://wikimon.net/images/3/3c/Hackmon_vpet_vb.png,3
Hagurumon,hagurumon,https://wikimon.net/images/9/97/Hagurumon_vpet_vb.png,3
Hangyomon,hangyomon,https://wikimon.net/images/3/34/Hangyomon_vpet_vb.png,3
Harpymon,harpymon,https://wikimon.net/images/8/8e/Harpymon_vpet_vb.png,3
Hawkmon,hawkmon,https://wikimon.net/images/b/b7/Hawkmon_vpet_vb.png,3
Heavyleomon,heavyleomon,https://wikimon.net/images/2/20/Heavyleomon_vpet_vb.png,3
Helloogarmon,helloogarmon,https://wikimon.net/images/2/2a/Helloogarmon_vpet_vb.png,3
Heraklekabuterimon,heraklekabuterimon,https://wikimon.net/images/0/06/Heraklekabuterimon_vpet_vb.png,3
Herissmon,herissmon,https://wikimon.net/images/1/17/Herissmon_vpet_vb.png,3
Hexeblaumon,hexeblaumon,https://wikimon.net/images/d/d8/Hexeblaumon_vpet_vb.png,3
Hiandromon,hiandromon,https://wikimon.net/images/c/c0/Hiandromon_vpet_vb.png,3
Hicommandramon,hicommandramon,https://wikimon.net/images/f/f9/Hicommandramon_vpet_vb.png,3
Hippogriffomon,hippogriffomon,https://wikimon.net/images/a/ad/Hippogriffomon_vpet_vb.png,3
Hisyaryumon,hisyaryumon,https://wikimon.net/images/f/f0/Hisyaryumon_vpet_vb.png,3
Hiyarimon,hiyarimon,https://wikimon.net/images/3/35/Hiyarimon_vpet_vb.png,3
Holsmon,holsmon,https://wikimon.net/images/1/19/Holsmon_vpet_vb.png,3
Holyangemon,holyangemon,https://wikimon.net/images/7/73/Holyangemon_vpet_vb.png,3
Holydramon,holydramon,https://wikimon.net/images/e/ef/Holydramon_vpet_vb.png,3
Hopmon,hopmon,https://wikimon.net/images/6/6d/Hopmon_vpet_vb.png,3
Hououmon,hououmon,https://wikimon.net/images/e/e1/Hououmon_vpet_vb.png,3
Hoverespimon,hoverespimon,https://wikimon.net/images/d/d6/Hoverespimon_vpet_vb.png,3
Huankunmon,huankunmon,https://wikimon.net/images/3/38/Huankunmon_vpet_vb.png,3
Hudiemon,hudiemon,https://wikimon.net/images/e/e5/Hudiemon_vpet_vb.png,3
Hydramon,hydramon,https://wikimon.net/images/0/08/Hydramon_vpet_vb.png,3
Hyougamon,hyougamon,https://wikimon.net/images/5/5d/Hyougamon_vpet_vb.png,3
Icedevimon,icedevimon,https://wikimon.net/images/a/a9/Icedevimon_vpet_vb.png,3
Icemon,icemon,https://wikimon.net/images/c/c2/Icemon_vpet_vb.png,3
Ikkakumon,ikkakumon,https://wikimon.net/images/3/39/Ikkakumon_vpet_vb.png,3
Imperialdramon Dragon,imperialdramon-dragon,https://wikimon.net/images/f/f1/Imperialdramon_dragon_vpet_vb.png,3
Imperialdramon Fighter,imperialdramon-fighter,https://wikimon.net/images/7/76/Imperialdramon_fighter_vpet_vb.png,3
Imperialdramon Paladin,imperialdramon-paladin,https://wikimon.net/images/c/c2/Imperialdramon_paladin_vpet_vb.png,3
Impmon,impmon,https://wikimon.net/images/6/68/Impmon_vpet_vb.png,3
Indaramon,indaramon,https://wikimon.net/images/0/05/Indaramon_vpet_vb.png,3
Jazamon,jazamon,https://wikimon.net/images/0/08/Jazamon_vpet_vb.png,3
Jazarichmon,jazarichmon,https://wikimon.net/images/2/2d/Jazarichmon_vpet_vb.png,3
Jellymon,jellymon,https://wikimon.net/images/9/93/Jellymon_vpet_vb.png,3
Jellymon Battle,jellymon-battle,https://wikimon.net/images/4/44/Jellymon_battle_vpet_vb.png,3
Jesmon,jesmon,https://wikimon.net/images/a/a4/Jesmon_vpet_vb.png,3
Jetsilphymon,jetsilphymon,https://wikimon.net/images/f/fd/Jetsilphymon_vpet_vb.png,3
Jewelbeemon,jewelbeemon,https://wikimon.net/images/0/07/Jewelbeemon_vpet_vb.png,3
Jokermon,jokermon,https://wikimon.net/images/4/48/Jokermon_vpet_vb.png,3
Justimon Accel,justimon-accel,https://wikimon.net/images/b/b7/Justimon_accel_vpet_vb.png,3
Justimon Blitz,justimon-blitz,https://wikimon.net/images/a/a3/Justimon_blitz_vpet_vb.png,3
Justimon Critical,justimon-critical,https://wikimon.net/images/7/78/Justimon_critical_vpet_vb.png,3
Jyagamon,jyagamon,https://wikimon.net/images/a/a9/Jyagamon_vpet_vb.png,3
Jyarimon,jyarimon,https://wikimon.net/images/2/21/Jyarimon_vpet_vb.png,3
Jyureimon Raid Boss,jyureimon-raid-boss,https://wikimon.net/images/9/90/Jyureimon_raid_boss_vpet_vb.png,6
Kabuterimon,kabuterimon,https://wikimon.net/images/2/2e/Kabuterimon_vpet_vb.png,3
Kaisergreymon,kaisergreymon,https://wikimon.net/images/9/9b/Kaisergreymon_vpet_vb.png,3
Kaiserleomon,kaiserleomon,https://wikimon.net/images/9/9f/Kaiserleomon_vpet_vb.png,3
Kakkinmon,kakkinmon,https://wikimon.net/images/7/73/Kakkinmon_vpet_vb.png,3
Karatukinumemon,karatukinumemon,https://wikimon.net/images/b/bf/Karatukinumemon_vpet_vb.png,3
Kausgammamon,kausgammamon,https://wikimon.net/images/8/84/Kausgammamon_vpet_vb.png,3
Kazuchimon,kazuchimon,https://wikimon.net/images/e/ed/Kazuchimon_vpet_vb.png,3
Keemon,keemon,https://wikimon.net/images/a/a8/Keemon_vpet_vb.png,3
Ketomon,ketomon,https://wikimon.net/images/d/de/Ketomon_vpet_vb.png,3
Kingetemon,kingetemon,https://wikimon.net/images/8/89/Kingetemon_vpet_vb.png,3
Kinkakumon,kinkakumon,https://wikimon.net/images/d/de/Kinkakumon_vpet_vb.png,3
Kodokugumon,kodokugumon,https://wikimon.net/images/e/e4/Kodokugumon_vpet_vb.png,3
Koemon,koemon,https://wikimon.net/images/2/25/Koemon_vpet_vb.png,3
Kokabuterimon,kokabuterimon,https://wikimon.net/images/8/8b/Kokabuterimon_vpet_vb.png,3
Kokuwamon,kokuwamon,https://wikimon.net/images/5/58/Kokuwamon_vpet_vb.png,3
Komondomon,komondomon,https://wikimon.net/images/e/ef/Komondomon_vpet_vb.png,3
Kongoumon,kongoumon,https://wikimon.net/images/1/18/Kongoumon_vpet_vb.png,3
Koromon,koromon,https://wikimon.net/images/9/9b/Koromon_vpet_vb.png,3
Kudamon,kudamon,https://wikimon.net/images/b/ba/Kudamon_vpet_vb.png,3
Kumbhiramon,kumbhiramon,https://wikimon.net/images/9/99/Kumbhiramon_vpet_vb.png,3
Kuwagamon,kuwagamon,https://wikimon.net/images/3/3c/Kuwagamon_vpet_vb.png,3
Kuzuhamon,kuzuhamon,https://wikimon.net/images/5/52/Kuzuhamon_vpet_vb.png,3
Kuzuhamon Miko,kuzuhamon-miko,https://wikimon.net/images/b/b0/Kuzuhamon_miko_vpet_vb.png,3
Kyokyomon,kyokyomon,https://wikimon.net/images/d/d3/Kyokyomon_vpet_vb.png,3
Kyubimon,kyubimon,https://wikimon.net/images/2/2a/Kyubimon_vpet_vb.png,3
Kyukimon,kyukimon,https://wikimon.net/images/1/1d/Kyukimon_vpet_vb.png,3
Lalamon,lalamon,https://wikimon.net/images/a/a3/Lalamon_vpet_vb.png,3
Lamortmon,lamortmon,https://wikimon.net/images/a/a7/Lamortmon_vpet_vb.png,3
Lavogaritamon,lavogaritamon,https://wikimon.net/images/5/53/Lavogaritamon_vpet_vb.png,3
Lavorvomon,lavorvomon,https://wikimon.net/images/4/46/Lavorvomon_vpet_vb.png,3
Leafmon,leafmon,https://wikimon.net/images/7/77/Leafmon_vpet_vb.png,3
Lekismon,lekismon,https://wikimon.net/images/c/c6/Lekismon_vpet_vb.png,3
Leomon,leomon,https://wikimon.net/images/2/21/Leomon_vpet_vb.png,3
Liamon,liamon,https://wikimon.net/images/4/49/Liamon_vpet_vb.png,3
Lighdramon,lighdramon,https://wikimon.net/images/2/2a/Lighdramon_vpet_vb.png,3
Lilamon,lilamon,https://wikimon.net/images/1/14/Lilamon_vpet_vb.png,3
Lilimon,lilimon,https://wikimon.net/images/2/2a/Lilimon_vpet_vb.png,3
Liollmon,liollmon,https://wikimon.net/images/f/fe/Liollmon_vpet_vb.png,3
Loaderleomon,loaderleomon,https://wikimon.net/images/0/02/Loaderleomon_vpet_vb.png,3
Locomon,locomon,https://wikimon.net/images/0/09/Locomon_vpet_vb.png,3
Loogamon,loogamon,https://wikimon.net/images/5/53/Loogamon_vpet_vb.png,3
Loogarmon,loogarmon,https://wikimon.net/images/3/38/Loogarmon_vpet_vb.png,3
Lordknightmon,lordknightmon,https://wikimon.net/images/d/df/Lordknightmon_vpet_vb.png,3
Lotusmon,lotusmon,https://wikimon.net/images/2/2e/Lotusmon_vpet_vb.png,3
Lowemon,lowemon,https://wikimon.net/images/e/e4/Lowemon_vpet_vb.png,3
Lucemon Falldown,lucemon-falldown,https://wikimon.net/images/f/f3/Lucemon_falldown_vpet_vb.png,3
Ludomon,ludomon,https://wikimon.net/images/a/ae/Ludomon_vpet_vb.png,3
Lunamon,lunamon,https://wikimon.net/images/3/3b/Lunamon_vpet_vb.png,3
Luxmon,luxmon,https://wikimon.net/images/5/55/Luxmon_vpet_vb.png,3
Lynxmon,lynxmon,https://wikimon.net/images/1/11/Lynxmon_vpet_vb.png,3
Machgaogamon,machgaogamon,https://wikimon.net/images/e/ee/Machgaogamon_vpet_vb.png,3
Machmon,machmon,https://wikimon.net/images/3/3c/Machmon_vpet_vb.png,3
Madleomon,madleomon,https://wikimon.net/images/6/69/Madleomon_vpet_vb.png,3
Magnagarurumon,magnagarurumon,https://wikimon.net/images/3/32/Magnagarurumon_vpet_vb.png,3
Magnakidmon,magnakidmon,https://wikimon.net/images/4/47/Magnakidmon_vpet_vb.png,3
Magnamon,magnamon,https://wikimon.net/images/f/fd/Magnamon_vpet_vb.png,3
Mailbirdramon,mailbirdramon,https://wikimon.net/images/9/98/Mailbirdramon_vpet_vb.png,3
Majiramon,majiramon,https://wikimon.net/images/6/6d/Majiramon_vpet_vb.png,3
Makuramon,makuramon,https://wikimon.net/images/9/93/Makuramon_vpet_vb.png,3
Mamemon,mamemon,https://wikimon.net/images/7/7a/Mamemon_vpet_vb.png,3
Mametyramon,mametyramon,https://wikimon.net/images/d/d4/Mametyramon_vpet_vb.png,3
Mammon,mammon,https://wikimon.net/images/3/30/Mammon_vpet_vb.png,3
Manbomon,manbomon,https://wikimon.net/images/c/c3/Manbomon_vpet_vb.png,3
Manticoremon,manticoremon,https://wikimon.net/images/7/7e/Manticoremon_vpet_vb.png,3
Marinangemon,marinangemon,https://wikimon.net/images/8/8a/Marinangemon_vpet_vb.png,3
Marinchimairamon,marinchimairamon,https://wikimon.net/images/0/0f/Marinchimairamon_vpet_vb.png,3
Marindevimon,marindevimon,https://wikimon.net/images/d/de/Marindevimon_vpet_vb.png,3
Marsmon,marsmon,https://wikimon.net/images/2/2c/Marsmon_vpet_vb.png,3
Mastertyranomon,mastertyranomon,https://wikimon.net/images/c/c4/Mastertyranomon_vpet_vb.png,3
Matadrmon,matadrmon,https://wikimon.net/images/c/c1/Matadrmon_vpet_vb.png,3
Medal,medal,https://wikimon.net/images/8/89/Medal_vpet_vb.png,3
Medievaldukemon,medievaldukemon,https://wikimon.net/images/8/8e/Medievaldukemon_vpet_vb.png,3
Megadramon,megadramon,https://wikimon.net/images/f/fb/Megadramon_vpet_vb.png,3
Megalogrowmon,megalogrowmon,https://wikimon.net/images/3/3c/Megalogrowmon_vpet_vb.png,3
Megalogrowmon Orange,megalogrowmon-orange,https://wikimon.net/images/2/2f/Megalogrowmon_orange_vpet_vb.png,3
Megaseadramon,megaseadramon,https://wikimon.net/images/b/b0/Megaseadramon_vpet_vb.png,3
Megidramon,megidramon,https://wikimon.net/images/c/c8/Megidramon_vpet_vb.png,3
Mephismon,mephismon,https://wikimon.net/images/c/c0/Mephismon_vpet_vb.png,3
Meramon,meramon,https://wikimon.net/images/5/5f/Meramon_vpet_vb.png,3
Mercuremon,mercuremon,https://wikimon.net/images/7/7a/Mercuremon_vpet_vb.png,3
Mercurymon,mercurymon,https://wikimon.net/images/b/ba/Mercurymon_vpet_vb.png,3
Mermaimon,mermaimon,https://wikimon.net/images/5/54/Mermaimon_vpet_vb.png,3
Metabee Adult,metabee-adult,https://wikimon.net/images/5/54/Metabee_adult_vpet_vb.png,3
Metabee Perfect,metabee-perfect,https://wikimon.net/images/e/e6/Metabee_perfect_vpet_vb.png,3
Metaletemon,metaletemon,https://wikimon.net/images/e/e8/Metaletemon_vpet_vb.png,3
Metalgarurumon,metalgarurumon,https://wikimon.net/images/6/6a/Metalgarurumon_vpet_vb.png,3
Metalgarurumon Black,metalgarurumon-black,https://wikimon.net/images/9/9c/Metalgarurumon_black_vpet_vb.png,3
Metalgreymon,metalgreymon,https://wikimon.net/images/5/54/Metalgreymon_vpet_vb.png,3
Metalgreymon 2010,metalgreymon-2010,https://wikimon.net/images/3/38/Metalgreymon_2010_vpet_vb.png,3
Metalgreymon Alterous,metalgreymon-alterous,https://wikimon.net/images/d/dd/Metalgreymon_alterous_vpet_vb.png,3
Metalgreymon Virus,metalgreymon-virus,https://wikimon.net/images/a/ae/Metalgreymon_virus_vpet_vb.png,3
Metallicdramon,metallicdramon,https://wikimon.net/images/1/1c/Metallicdramon_vpet_vb.png,3
Metallifekuwagamon,metallifekuwagamon,https://wikimon.net/images/1/1d/Metallifekuwagamon_vpet_vb.png,3
Metalmamemon,metalmamemon,https://wikimon.net/images/a/aa/Metalmamemon_vpet_vb.png,3
Metalseadramon,metalseadramon,https://wikimon.net/images/a/ad/Metalseadramon_vpet_vb.png,3
Metaltyranomon,metaltyranomon,https://wikimon.net/images/9/90/Metaltyranomon_vpet_vb.png,3
Mihiramon,mihiramon,https://wikimon.net/images/b/bc/Mihiramon_vpet_vb.png,3
Millenniumon Raid,millenniumon-raid,https://wikimon.net/images/4/4e/Millenniumon_raid_vpet_vb.png,6
Minomon,minomon,https://wikimon.net/images/d/dd/Minomon_vpet_vb.png,3
Miragegaogamon,miragegaogamon,https://wikimon.net/images/e/ea/Miragegaogamon_vpet_vb.png,3
Miragegaogamon Burst,miragegaogamon-burst,https://wikimon.net/images/d/d0/Miragegaogamon_burst_vpet_vb.png,3
Missimon,missimon,https://wikimon.net/images/7/73/Missimon_vpet_vb.png,3
Mitamamon,mitamamon,https://wikimon.net/images/4/4e/Mitamamon_vpet_vb.png,3
Mochimon,mochimon,https://wikimon.net/images/d/d9/Mochimon_vpet_vb.png,3
Mojyamon,mojyamon,https://wikimon.net/images/9/9f/Mojyamon_vpet_vb.png,3
Mokumon,mokumon,https://wikimon.net/images/c/c2/Mokumon_vpet_vb.png,3
Monochromon,monochromon,https://wikimon.net/images/b/b4/Monochromon_vpet_vb.png,3
Monodramon,monodramon,https://wikimon.net/images/e/e1/Monodramon_vpet_vb.png,3
Monzaemon,monzaemon,https://wikimon.net/images/f/ff/Monzaemon_vpet_vb.png,3
Moosemon,moosemon,https://wikimon.net/images/6/65/Moosemon_vpet_vb.png,3
Morphomon,morphomon,https://wikimon.net/images/7/70/Morphomon_vpet_vb.png,3
Mugendramon,mugendramon,https://wikimon.net/images/c/c3/Mugendramon_vpet_vb.png,3
Mummymon,mummymon,https://wikimon.net/images/f/f3/Mummymon_vpet_vb.png,3
Murmukusmon,murmukusmon,https://wikimon.net/images/a/a2/Murmukusmon_vpet_vb.png,3
Musyamon,musyamon,https://wikimon.net/images/d/d4/Musyamon_vpet_vb.png,3
Namakemon,namakemon,https://wikimon.net/images/d/d0/Namakemon_vpet_vb.png,3
Nanomon,nanomon,https://wikimon.net/images/a/a5/Nanomon_vpet_vb.png,3
Nefertimon,nefertimon,https://wikimon.net/images/a/a8/Nefertimon_vpet_vb.png,3
Neodevimon,neodevimon,https://wikimon.net/images/7/7b/Neodevimon_vpet_vb.png,3
Neovamdemon,neovamdemon,https://wikimon.net/images/4/40/Neovamdemon_vpet_vb.png,3
Neptunemon,neptunemon,https://wikimon.net/images/e/e2/Neptunemon_vpet_vb.png,3
Nidhoggmon,nidhoggmon,https://wikimon.net/images/1/16/Nidhoggmon_vpet_vb.png,3
Noblepumpmon,noblepumpmon,https://wikimon.net/images/d/d1/Noblepumpmon_vpet_vb.png,3
Numemon,numemon,https://wikimon.net/images/1/1c/Numemon_vpet_vb.png,3
Nyokimon,nyokimon,https://wikimon.net/images/5/58/Nyokimon_vpet_vb.png,3
Oboromon,oboromon,https://wikimon.net/images/e/e7/Oboromon_vpet_vb.png,3
Octmon,octmon,https://wikimon.net/images/6/62/Octmon_vpet_vb.png,3
Okuwamon,okuwamon,https://wikimon.net/images/e/e1/Okuwamon_vpet_vb.png,3
Oleamon,oleamon,https://wikimon.net/images/9/90/Oleamon_vpet_vb.png,3
Olegmon,olegmon,https://wikimon.net/images/2/2d/Olegmon_vpet_vb.png,3
Omedamon,omedamon,https://wikimon.net/images/e/e8/Omedamon_vpet_vb.png,3
Omegaknight,omegaknight,https://wikimon.net/images/b/be/Omegaknight_vpet_vb.png,3
Omegamon,omegamon,https://wikimon.net/images/d/d4/Omegamon_vpet_vb.png,3
Omegamon Forthbattle,omegamon-forthbattle,https://wikimon.net/images/6/6c/Omegamon_forthbattle_vpet_vb.png,3
Omegamon Zwart,omegamon-zwart,https://wikimon.net/images/d/de/Omegamon_zwart_vpet_vb.png,3
Omegamon Zwart Defeat Forthbattle,omegamon-zwart-defeat-forthbattle,https://wikimon.net/images/d/d8/Omegamon_zwart_defeat_forthbattle_vpet_vb.png,3
Omegashoutmon,omegashoutmon,https://wikimon.net/images/9/92/Omegashoutmon_vpet_vb.png,3
Orgemon,orgemon,https://wikimon.net/images/c/c8/Orgemon_vpet_vb.png,3
Orochimon,orochimon,https://wikimon.net/images/c/c3/Orochimon_vpet_vb.png,3
Ouryumon,ouryumon,https://wikimon.net/images/e/ec/Ouryumon_vpet_vb.png,3
Pagumon,pagumon,https://wikimon.net/images/c/c2/Pagumon_vpet_vb.png,3
Paildramon,paildramon,https://wikimon.net/images/e/eb/Paildramon_vpet_vb.png,3
Pajiramon,pajiramon,https://wikimon.net/images/1/14/Pajiramon_vpet_vb.png,3
Paledramon,paledramon,https://wikimon.net/images/e/e4/Paledramon_vpet_vb.png,3
Palmon,palmon,https://wikimon.net/images/2/2a/Palmon_vpet_vb.png,3
Pandamon,pandamon,https://wikimon.net/images/e/e1/Pandamon_vpet_vb.png,3
Panjyamon,panjyamon,https://wikimon.net/images/2/26/Panjyamon_vpet_vb.png,3
Panjyamonx,panjyamonx,https://wikimon.net/images/f/f0/Panjyamonx_vpet_vb.png,3
Parasaurmon,parasaurmon,https://wikimon.net/images/4/4d/Parasaurmon_vpet_vb.png,3
Parasimon,parasimon,https://wikimon.net/images/6/68/Parasimon_vpet_vb.png,3
Parrotmon,parrotmon,https://wikimon.net/images/8/87/Parrotmon_vpet_vb.png,3
Patamon,patamon,https://wikimon.net/images/2/26/Patamon_vpet_vb.png,3
Peacockmon,peacockmon,https://wikimon.net/images/5/56/Peacockmon_vpet_vb.png,3
Peckmon,peckmon,https://wikimon.net/images/3/3b/Peckmon_vpet_vb.png,3
Pegasmon,pegasmon,https://wikimon.net/images/9/9c/Pegasmon_vpet_vb.png,3
Petaldramon,petaldramon,https://wikimon.net/images/b/b2/Petaldramon_vpet_vb.png,3
Petimeramon,petimeramon,https://wikimon.net/images/e/e6/Petimeramon_vpet_vb.png,3
Petitmon,petitmon,https://wikimon.net/images/5/5b/Petitmon_vpet_vb.png,3
Pharaohmon,pharaohmon,https://wikimon.net/images/8/83/Pharaohmon_vpet_vb.png,3
Phascomon,phascomon,https://wikimon.net/images/e/e0/Phascomon_vpet_vb.png,3
Phelesmon,phelesmon,https://wikimon.net/images/3/30/Phelesmon_vpet_vb.png,3
Piccolomon,piccolomon,https://wikimon.net/images/4/4a/Piccolomon_vpet_vb.png,3
Pidmon,pidmon,https://wikimon.net/images/4/44/Pidmon_vpet_vb.png,3
Piemon,piemon,https://wikimon.net/images/a/af/Piemon_vpet_vb.png,3
Piranimon,piranimon,https://wikimon.net/images/b/bb/Piranimon_vpet_vb.png,3
Pistmon,pistmon,https://wikimon.net/images/7/76/Pistmon_vpet_vb.png,3
Pitchmon,pitchmon,https://wikimon.net/images/6/63/Pitchmon_vpet_vb.png,3
Piyomon,piyomon,https://wikimon.net/images/4/49/Piyomon_vpet_vb.png,3
Platinumnumemon,platinumnumemon,https://wikimon.net/images/8/81/Platinumnumemon_vpet_vb.png,3
Plesiomon,plesiomon,https://wikimon.net/images/5/5e/Plesiomon_vpet_vb.png,3
Plutomon,plutomon,https://wikimon.net/images/a/a7/Plutomon_vpet_vb.png,3
Pokomon,pokomon,https://wikimon.net/images/a/af/Pokomon_vpet_vb.png,3
Pomumon,pomumon,https://wikimon.net/images/6/69/Pomumon_vpet_vb.png,3
Popomon,popomon,https://wikimon.net/images/5/5b/Popomon_vpet_vb.png,3
Porcupamon,porcupamon,https://wikimon.net/images/8/85/Porcupamon_vpet_vb.png,3
Poromon,poromon,https://wikimon.net/images/7/78/Poromon_vpet_vb.png,3
Proximamon,proximamon,https://wikimon.net/images/c/c3/Proximamon_vpet_vb.png,3
Publimon,publimon,https://wikimon.net/images/1/11/Publimon_vpet_vb.png,3
Pucchiemon,pucchiemon,https://wikimon.net/images/0/05/Pucchiemon_vpet_vb.png,3
Pucchiemon Green,pucchiemon-green,https://wikimon.net/images/4/42/Pucchiemon_green_vpet_vb.png,3
Pukamon,pukamon,https://wikimon.net/images/f/f2/Pukamon_vpet_vb.png,3
Pukumon,pukumon,https://wikimon.net/images/7/73/Pukumon_vpet_vb.png,3
Pulsemon,pulsemon,https://wikimon.net/images/7/7a/Pulsemon_vpet_vb.png,3
Pumpmon,pumpmon,https://wikimon.net/images/1/1f/Pumpmon_vpet_vb.png,3
Pumpmon Raid Boss,pumpmon-raid-boss,https://wikimon.net/images/6/61/Pumpmon_raid_boss_vpet_vb.png,6
Punimon,punimon,https://wikimon.net/images/9/9d/Punimon_vpet_vb.png,3
Pururumon,pururumon,https://wikimon.net/images/e/eb/Pururumon_vpet_vb.png,3
Puyomon,puyomon,https://wikimon.net/images/6/63/Puyomon_vpet_vb.png,3
Puyoyomon,puyoyomon,https://wikimon.net/images/4/44/Puyoyomon_vpet_vb.png,3
Pyocomon,pyocomon,https://wikimon.net/images/f/f3/Pyocomon_vpet_vb.png,3
Pyonmon,pyonmon,https://wikimon.net/images/0/0f/Pyonmon_vpet_vb.png,3
Rafflesimon,rafflesimon,https://wikimon.net/images/3/37/Rafflesimon_vpet_vb.png,3
Ragnalordmon,ragnalordmon,https://wikimon.net/images/e/e2/Ragnalordmon_vpet_vb.png,3
Ragnamon,ragnamon,https://wikimon.net/images/3/36/Ragnamon_vpet_vb.png,3
Raidenmon,raidenmon,https://wikimon.net/images/0/06/Raidenmon_vpet_vb.png,3
Raihimon,raihimon,https://wikimon.net/images/6/6c/Raihimon_vpet_vb.png,3
Raijiludomon,raijiludomon,https://wikimon.net/images/d/df/Raijiludomon_vpet_vb.png,3
Raijinmon,raijinmon,https://wikimon.net/images/b/b7/Raijinmon_vpet_vb.png,3
Ranamon,ranamon,https://wikimon.net/images/0/03/Ranamon_vpet_vb.png,3
Rapidmon,rapidmon,https://wikimon.net/images/7/79/Rapidmon_vpet_vb.png,3
Rapidmon Armor,rapidmon-armor,https://wikimon.net/images/1/1f/Rapidmon_armor_vpet_vb.png,3
Raptordramon,raptordramon,https://wikimon.net/images/e/ee/Raptordramon_vpet_vb.png,3
Raremon,raremon,https://wikimon.net/images/d/d0/Raremon_vpet_vb.png,3
Rareraremon,rareraremon,https://wikimon.net/images/a/a7/Rareraremon_vpet_vb.png,3
Rasenmon,rasenmon,https://wikimon.net/images/7/77/Rasenmon_vpet_vb.png,3
Rasenmon Fury,rasenmon-fury,https://wikimon.net/images/3/32/Rasenmon_fury_vpet_vb.png,3
Ravmon,ravmon,https://wikimon.net/images/4/4d/Ravmon_vpet_vb.png,3
Ravmon Burst,ravmon-burst,https://wikimon.net/images/1/11/Ravmon_burst_vpet_vb.png,3
Reaper Raid,reaper-raid,https://wikimon.net/images/c/ca/Reaper_raid_vpet_vb.png,6
Rebellimon,rebellimon,https://wikimon.net/images/e/ef/Rebellimon_vpet_vb.png,3
Regalecusmon,regalecusmon,https://wikimon.net/images/4/4b/Regalecusmon_vpet_vb.png,3
Regulusmon,regulusmon,https://wikimon.net/images/8/8c/Regulusmon_vpet_vb.png,3
Relemon,relemon,https://wikimon.net/images/8/81/Relemon_vpet_vb.png,3
Renamon,renamon,https://wikimon.net/images/5/58/Renamon_vpet_vb.png,3
Reppamon,reppamon,https://wikimon.net/images/3/33/Reppamon_vpet_vb.png,3
Rhinokabuterimon,rhinokabuterimon,https://wikimon.net/images/a/a8/Rhinokabuterimon_vpet_vb.png,3
Rhinomon,rhinomon,https://wikimon.net/images/e/ef/Rhinomon_vpet_vb.png,3
Rizegreymon,rizegreymon,https://wikimon.net/images/7/7d/Rizegreymon_vpet_vb.png,3
Rokusho Adult,rokusho-adult,https://wikimon.net/images/e/ec/Rokusho_adult_vpet_vb.png,3
Rokusho Perfect,rokusho-perfect,https://wikimon.net/images/2/26/Rokusho_perfect_vpet_vb.png,3
Rosemon,rosemon,https://wikimon.net/images/8/82/Rosemon_vpet_vb.png,3
Rosemon Burst,rosemon-burst,https://wikimon.net/images/9/9b/Rosemon_burst_vpet_vb.png,3
Rukamon,rukamon,https://wikimon.net/images/7/78/Rukamon_vpet_vb.png,3
Runnermon,runnermon,https://wikimon.net/images/2/25/Runnermon_vpet_vb.png,3
Rusttyranomon,rusttyranomon,https://wikimon.net/images/2/25/Rusttyranomon_vpet_vb.png,3
Ryudamon,ryudamon,https://wikimon.net/images/0/01/Ryudamon_vpet_vb.png,3
Saberdramon,saberdramon,https://wikimon.net/images/a/a1/Saberdramon_vpet_vb.png,3
Saberleomon,saberleomon,https://wikimon.net/images/c/cd/Saberleomon_vpet_vb.png,3
Sagittarimon,sagittarimon,https://wikimon.net/images/9/9b/Sagittarimon_vpet_vb.png,3
Saintgalgomon,saintgalgomon,https://wikimon.net/images/7/74/Saintgalgomon_vpet_vb.png,3
Sakumon,sakumon,https://wikimon.net/images/2/24/Sakumon_vpet_vb.png,3
Sakuttomon,sakuttomon,https://wikimon.net/images/7/7f/Sakuttomon_vpet_vb.png,3
Sakuyamon,sakuyamon,https://wikimon.net/images/c/c4/Sakuyamon_vpet_vb.png,3
Sakuyamon Miko,sakuyamon-miko,https://wikimon.net/images/c/c6/Sakuyamon_miko_vpet_vb.png,3
Sakuyamonx,sakuyamonx,https://wikimon.net/images/2/24/Sakuyamonx_vpet_vb.png,3
Sandiramon,sandiramon,https://wikimon.net/images/7/7c/Sandiramon_vpet_vb.png,3
Sangloupmon,sangloupmon,https://wikimon.net/images/4/42/Sangloupmon_vpet_vb.png,3
Sangomon,sangomon,https://wikimon.net/images/4/46/Sangomon_vpet_vb.png,3
Saviorhackmon,saviorhackmon,https://wikimon.net/images/0/06/Saviorhackmon_vpet_vb.png,3
Scorpiomon,scorpiomon,https://wikimon.net/images/9/98/Scorpiomon_vpet_vb.png,3
Seadramon,seadramon,https://wikimon.net/images/4/48/Seadramon_vpet_vb.png,3
Sealsdramon,sealsdramon,https://wikimon.net/images/a/a5/Sealsdramon_vpet_vb.png,3
Sephirothmon,sephirothmon,https://wikimon.net/images/9/9a/Sephirothmon_vpet_vb.png,3
Seraphimon,seraphimon,https://wikimon.net/images/4/4a/Seraphimon_vpet_vb.png,3
Shadramon,shadramon,https://wikimon.net/images/e/ec/Shadramon_vpet_vb.png,3
Shakamon,shakamon,https://wikimon.net/images/e/ef/Shakamon_vpet_vb.png,3
Shakkoumon,shakkoumon,https://wikimon.net/images/b/b3/Shakkoumon_vpet_vb.png,3
Shellmon,shellmon,https://wikimon.net/images/6/67/Shellmon_vpet_vb.png,3
Shinegreymon,shinegreymon,https://wikimon.net/images/7/76/Shinegreymon_vpet_vb.png,3
Shinegreymon Burst,shinegreymon-burst,https://wikimon.net/images/c/cb/Shinegreymon_burst_vpet_vb.png,3
Shinmonzaemon,shinmonzaemon,https://wikimon.net/images/2/26/Shinmonzaemon_vpet_vb.png,3
Shivamon,shivamon,https://wikimon.net/images/6/69/Shivamon_vpet_vb.png,3
Shootmon,shootmon,https://wikimon.net/images/c/c2/Shootmon_vpet_vb.png,3
Shoutmon,shoutmon,https://wikimon.net/images/9/91/Shoutmon_vpet_vb.png,3
Shoutmondx,shoutmondx,https://wikimon.net/images/2/22/Shoutmondx_vpet_vb.png,3
Shoutmonx 4,shoutmonx4,https://wikimon.net/images/b/be/Shoutmonx4_vpet_vb.png,3
Shoutmonx 7,shoutmonx7,https://wikimon.net/images/5/54/Shoutmonx7_vpet_vb.png,3
Shroudmon,shroudmon,https://wikimon.net/images/8/81/Shroudmon_vpet_vb.png,3
Shurimon,shurimon,https://wikimon.net/images/1/15/Shurimon_vpet_vb.png,3
Shutumon,shutumon,https://wikimon.net/images/2/26/Shutumon_vpet_vb.png,3
Siesamon,siesamon,https://wikimon.net/images/6/68/Siesamon_vpet_vb.png,3
Silphymon,silphymon,https://wikimon.net/images/2/26/Silphymon_vpet_vb.png,3
Sinduramon,sinduramon,https://wikimon.net/images/2/2d/Sinduramon_vpet_vb.png,3
Sirenmon,sirenmon,https://wikimon.net/images/c/c7/Sirenmon_vpet_vb.png,3
Siriusmon,siriusmon,https://wikimon.net/images/6/6f/Siriusmon_vpet_vb.png,3
Skullbaluchimon,skullbaluchimon,https://wikimon.net/images/9/97/Skullbaluchimon_vpet_vb.png,3
Skullgreymon,skullgreymon,https://wikimon.net/images/5/5a/Skullgreymon_vpet_vb.png,3
Skullmammon,skullmammon,https://wikimon.net/images/4/42/Skullmammon_vpet_vb.png,3
Skullsatamon,skullsatamon,https://wikimon.net/images/d/d6/Skullsatamon_vpet_vb.png,3
Slayerdramon,slayerdramon,https://wikimon.net/images/5/5f/Slayerdramon_vpet_vb.png,3
Snatchmon,snatchmon,https://wikimon.net/images/b/b6/Snatchmon_vpet_vb.png,3
Snimon,snimon,https://wikimon.net/images/f/f4/Snimon_vpet_vb.png,3
Snowgoburimon,snowgoburimon,https://wikimon.net/images/9/98/Snowgoburimon_vpet_vb.png,3
Soloogarmon,soloogarmon,https://wikimon.net/images/1/11/Soloogarmon_vpet_vb.png,3
Spinomon,spinomon,https://wikimon.net/images/1/10/Spinomon_vpet_vb.png,3
Splashmon,splashmon,https://wikimon.net/images/a/af/Splashmon_vpet_vb.png,3
Starmon,starmon,https://wikimon.net/images/b/b4/Starmon_vpet_vb.png,3
Stiffilmon,stiffilmon,https://wikimon.net/images/2/2b/Stiffilmon_vpet_vb.png,3
Stingmon,stingmon,https://wikimon.net/images/5/51/Stingmon_vpet_vb.png,3
Strabimon,strabimon,https://wikimon.net/images/c/c9/Strabimon_vpet_vb.png,3
Strikedramon,strikedramon,https://wikimon.net/images/4/48/Strikedramon_vpet_vb.png,3
Submarimon,submarimon,https://wikimon.net/images/7/7a/Submarimon_vpet_vb.png,3
Sunamon,sunamon,https://wikimon.net/images/d/de/Sunamon_vpet_vb.png,3
Sunarizamon,sunarizamon,https://wikimon.net/images/3/36/Sunarizamon_vpet_vb.png,3
Sunflowmon,sunflowmon,https://wikimon.net/images/b/b0/Sunflowmon_vpet_vb.png,3
Superstarmon,superstarmon,https://wikimon.net/images/0/0f/Superstarmon_vpet_vb.png,3
Susanoomon,susanoomon,https://wikimon.net/images/d/db/Susanoomon_vpet_vb.png,3
Symbareangoramon,symbareangoramon,https://wikimon.net/images/8/8d/Symbareangoramon_vpet_vb.png,3
Tailmon,tailmon,https://wikimon.net/images/9/91/Tailmon_vpet_vb.png,3
Tailmon Child,tailmon-child,https://wikimon.net/images/2/25/Tailmon_child_vpet_vb.png,3
Tanemon,tanemon,https://wikimon.net/images/2/29/Tanemon_vpet_vb.png,3
Tankdramon,tankdramon,https://wikimon.net/images/0/0c/Tankdramon_vpet_vb.png,3
Taomon,taomon,https://wikimon.net/images/1/1c/Taomon_vpet_vb.png,3
Tempomon,tempomon,https://wikimon.net/images/5/5e/Tempomon_vpet_vb.png,3
Tentomon,tentomon,https://wikimon.net/images/e/ef/Tentomon_vpet_vb.png,3
Terriermon,terriermon,https://wikimon.net/images/a/a8/Terriermon_vpet_vb.png,3
Teslajellymon,teslajellymon,https://wikimon.net/images/8/81/Teslajellymon_vpet_vb.png,3
Thetismon,thetismon,https://wikimon.net/images/9/9c/Thetismon_vpet_vb.png,3
Thunderballmon,thunderballmon,https://wikimon.net/images/b/bf/Thunderballmon_vpet_vb.png,3
Thunderbirmon,thunderbirmon,https://wikimon.net/images/0/0a/Thunderbirmon_vpet_vb.png,3
Tialudomon,tialudomon,https://wikimon.net/images/0/0f/Tialudomon_vpet_vb.png,3
Tigervespamon,tigervespamon,https://wikimon.net/images/1/1b/Tigervespamon_vpet_vb.png,3
Tinkermon,tinkermon,https://wikimon.net/images/f/fb/Tinkermon_vpet_vb.png,3
Tinpet,tinpet,https://wikimon.net/images/b/be/Tinpet_vpet_vb.png,3
Tobiumon,tobiumon,https://wikimon.net/images/3/39/Tobiumon_vpet_vb.png,3
Togemon,togemon,https://wikimon.net/images/2/24/Togemon_vpet_vb.png,3
Tonosamamamemon Raid,tonosamamamemon-raid,https://wikimon.net/images/5/56/Tonosamamamemon_raid_vpet_vb.png,6
Toropiamon,toropiamon,https://wikimon.net/images/7/76/Toropiamon_vpet_vb.png,3
Tortamon,tortamon,https://wikimon.net/images/2/2d/Tortamon_vpet_vb.png,3
Triceramon,triceramon,https://wikimon.net/images/1/19/Triceramon_vpet_vb.png,3
Tsubumon,tsubumon,https://wikimon.net/images/9/9e/Tsubumon_vpet_vb.png,3
Tunomon,tunomon,https://wikimon.net/images/4/47/Tunomon_vpet_vb.png,3
Turuiemon,turuiemon,https://wikimon.net/images/7/74/Turuiemon_vpet_vb.png,3
Tyilinmon,tyilinmon,https://wikimon.net/images/d/df/Tyilinmon_vpet_vb.png,3
Tyranomon,tyranomon,https://wikimon.net/images/2/26/Tyranomon_vpet_vb.png,3
Tyrantkabuterimon,tyrantkabuterimon,https://wikimon.net/images/5/51/Tyrantkabuterimon_vpet_vb.png,3
Ukkomon,ukkomon,https://wikimon.net/images/a/af/Ukkomon_vpet_vb.png,3
Ulforcevdramon,ulforcevdramon,https://wikimon.net/images/0/0f/Ulforcevdramon_vpet_vb.png,3
Ultimatebrachimon,ultimatebrachimon,https://wikimon.net/images/b/be/Ultimatebrachimon_vpet_vb.png,3
Upamon,upamon,https://wikimon.net/images/a/a5/Upamon_vpet_vb.png,3
Vajramon,vajramon,https://wikimon.net/images/3/36/Vajramon_vpet_vb.png,3
Valkyrimon,valkyrimon,https://wikimon.net/images/1/11/Valkyrimon_vpet_vb.png,3
Valvemon,valvemon,https://wikimon.net/images/b/b1/Valvemon_vpet_vb.png,3
Vamdemon,vamdemon,https://wikimon.net/images/0/03/Vamdemon_vpet_vb.png,3
Vdramon,vdramon,https://wikimon.net/images/1/1c/Vdramon_vpet_vb.png,3
Vegimon,vegimon,https://wikimon.net/images/0/07/Vegimon_vpet_vb.png,3
Velgrmon,velgrmon,https://wikimon.net/images/5/5f/Velgrmon_vpet_vb.png,3
Venomvamdemon Raid,venomvamdemon-raid,https://wikimon.net/images/a/aa/Venomvamdemon_raid_vpet_vb.png,6
Vermillimon,vermillimon,https://wikimon.net/images/4/47/Vermillimon_vpet_vb.png,3
Victorygreymon,victorygreymon,https://wikimon.net/images/b/b7/Victorygreymon_vpet_vb.png,3
Vikaralamon,vikaralamon,https://wikimon.net/images/c/c8/Vikaralamon_vpet_vb.png,3
Vikemon,vikemon,https://wikimon.net/images/1/11/Vikemon_vpet_vb.png,3
Vmon,vmon,https://wikimon.net/images/4/4e/Vmon_vpet_vb.png,3
Volcamon,volcamon,https://wikimon.net/images/f/f9/Volcamon_vpet_vb.png,3
Volcanicdramon,volcanicdramon,https://wikimon.net/images/4/49/Volcanicdramon_vpet_vb.png,3
Vorvomon,vorvomon,https://wikimon.net/images/6/6f/Vorvomon_vpet_vb.png,3
Vritramon,vritramon,https://wikimon.net/images/a/ad/Vritramon_vpet_vb.png,3
Vulturemon,vulturemon,https://wikimon.net/images/d/da/Vulturemon_vpet_vb.png,3
Wanyamon,wanyamon,https://wikimon.net/images/2/2c/Wanyamon_vpet_vb.png,3
Wargreymon,wargreymon,https://wikimon.net/images/1/17/Wargreymon_vpet_vb.png,3
Warumonzaemon,warumonzaemon,https://wikimon.net/images/d/d5/Warumonzaemon_vpet_vb.png,3
Waruseadramon,waruseadramon,https://wikimon.net/images/9/99/Waruseadramon_vpet_vb.png,3
Waspmon,waspmon,https://wikimon.net/images/c/c6/Waspmon_vpet_vb.png,3
Wendimon,wendimon,https://wikimon.net/images/0/05/Wendimon_vpet_vb.png,3
Weregarurumon,weregarurumon,https://wikimon.net/images/2/22/Weregarurumon_vpet_vb.png,3
Weregarurumon Black,weregarurumon-black,https://wikimon.net/images/4/45/Weregarurumon_black_vpet_vb.png,3
Weregarurumon Sagittarius,weregarurumon-sagittarius,https://wikimon.net/images/9/94/Weregarurumon_sagittarius_vpet_vb.png,3
Wezengammamon,wezengammamon,https://wikimon.net/images/f/fd/Wezengammamon_vpet_vb.png,3
Whamon Perfect,whamon-perfect,https://wikimon.net/images/d/dd/Whamon_perfect_vpet_vb.png,3
Wingdramon,wingdramon,https://wikimon.net/images/c/cf/Wingdramon_vpet_vb.png,3
Wisemon,wisemon,https://wikimon.net/images/1/11/Wisemon_vpet_vb.png,3
Wizarmon,wizarmon,https://wikimon.net/images/2/25/Wizarmon_vpet_vb.png,3
Wolfmon,wolfmon,https://wikimon.net/images/5/57/Wolfmon_vpet_vb.png,3
Wormmon,wormmon,https://wikimon.net/images/6/67/Wormmon_vpet_vb.png,3
Xiangpengmon,xiangpengmon,https://wikimon.net/images/c/c5/Xiangpengmon_vpet_vb.png,3
Xiquemon,xiquemon,https://wikimon.net/images/5/55/Xiquemon_vpet_vb.png,3
Xvmon,xvmon,https://wikimon.net/images/7/7d/Xvmon_vpet_vb.png,3
Yaegerdorulumon,yaegerdorulumon,https://wikimon.net/images/9/97/Yaegerdorulumon_vpet_vb.png,3
Yarmon,yarmon,https://wikimon.net/images/e/ed/Yarmon_vpet_vb.png,3
Yatagaramon 2006,yatagaramon2006,https://wikimon.net/images/d/da/Yatagaramon2006_vpet_vb.png,3
Youkomon,youkomon,https://wikimon.net/images/5/54/Youkomon_vpet_vb.png,3
Yukidarumon,yukidarumon,https://wikimon.net/images/9/91/Yukidarumon_vpet_vb.png,3
Yukimibotamon,yukimibotamon,https://wikimon.net/images/e/e0/Yukimibotamon_vpet_vb.png,3
Yuramon,yuramon,https://wikimon.net/images/3/34/Yuramon_vpet_vb.png,3
Zamielmon,zamielmon,https://wikimon.net/images/8/8b/Zamielmon_vpet_vb.png,3
Zanbamon,zanbamon,https://wikimon.net/images/e/e2/Zanbamon_vpet_vb.png,3
Zanmetsumon,zanmetsumon,https://wikimon.net/images/7/72/Zanmetsumon_vpet_vb.png,3
Zassoumon,zassoumon,https://wikimon.net/images/8/8d/Zassoumon_vpet_vb.png,3
Zdgarurumon,zdgarurumon,https://wikimon.net/images/2/29/Zdgarurumon_vpet_vb.png,3
Zekegreymon,zekegreymon,https://wikimon.net/images/7/74/Zekegreymon_vpet_vb.png,3
Zerimon,zerimon,https://wikimon.net/images/d/d6/Zerimon_vpet_vb.png,3
Zubaeagermon,zubaeagermon,https://wikimon.net/images/6/67/Zubaeagermon_vpet_vb.png,3
Zubamon,zubamon,https://wikimon.net/images/9/9e/Zubamon_vpet_vb.png,3
Zudomon,zudomon,https://wikimon.net/images/e/e9/Zudomon_vpet_vb.png,3
Zurumon,zurumon,https://wikimon.net/images/f/f4/Zurumon_vpet_vb.png,3
